"junction_aa","v_call"
"CASSYLPGQGDHYSNQPQHF","TRBV13*01"
"CASSFEAGQGFFSNQPQHF","TRBV13*01"
"CASSFEPGQGFYSNQPQHF","TRBV13*01"
"CASSYEPGQVSHYSNQPQHF","TRBV13*01"
"CASSPLGDRETQYF","TRBV13*01"
"CASSSDRSFYGYTF","TRBV13*01"
"CASSLDRGVGGYTF","TRBV13*01"
"CASSYGGGEDYGYTF","TRBV13*01"
"CASSDWVSYEQYF","TRBV13*01"
"CASSESTGTAYGYTF","TRBV13*01"
"CASSLAQGTYNEQFF","TRBV13*01"
"CASSLGQGTYEQYF","TRBV13*01"
"CASSRGHPLQFF","TRBV13*01"
"CASTGGSGYTF","TRBV13*01"
"CASTLLGGAGYNEQFF","TRBV13*01"
"CASTSGNTGELFF","TRBV13*01"
"CASTGGRGSPLHF","TRBV13*01"
"CASSLQQTLGAFF","TRBV13*01"
"CASSPQQTLGAFF","TRBV13*01"
"CASSLEGGDEQFF","TRBV13*01"
"CASHYGGSSYEQYF","TRBV13*01"
"CASSSLGGAGTGELFF","TRBV13*01"
"CASSLERETEAFF","TRBV13*01"
"CASSPGLDGEQYF","TRBV13*01"
"CASSLVSPSEQFF","TRBV13*01"
"CASRGQGFSYEQYF","TRBV13*01"
"CASSYQTGTGNYGYTF","TRBV13*01"
"CASSYSGHVYEQYF","TRBV13*01"
"CASSSGLAGEQFF","TRBV13*01"
"CASSFFGSNQPQHF","TRBV13*01"
"CASSLLPEGTGRVSGYTF","TRBV13*01"
"CASSSAGGPHLRDEQFF","TRBV13*01"
"CASSLGRYNEQFF","TRBV13*01"
"CASRHQLAQSSYNEQFF","TRBV13*01"
"CASTRGGQGGTEAFF","TRBV13*01"
"CASSSPRSSRDTDTQYF","TRBV13*01"
"CASSLGQAYEQYF","TRBV13*01"
"CASSALGDEQYF","TRBV13*01"
"CASSLRDRGNQPQHF","TRBV13*01"
"CASSLGRMNTEAFF","TRBV13*01"
"CASSLGERGSYEQFF","TRBV13*01"
